,"CR",,".COSTA RICA",,,,,,,,
,"CR","ABA","Abangaritos","Abangaritos","P","--3-----","RQ","0607",,"1007N 08501W",
,"CR","ABG","Abangares","Abangares","G","1----6--","RL","0901",,"1017N 08457W",
,"CR","AFS","Florencia de San Carlos","Florencia de San Carlos","A","-----6--","RL","0901",,"1022N 08429W",
,"CR","AGU","Aguas Zarcas","Aguas Zarcas","L","--3--6--","RL","0307",,"0954N 08308W",
,"CR","AJU","Alajuela","Alajuela","A","-23-----","RL","0407",,"1001N 08413W",
,"CR","AJZ","Aranjuez","Aranjuez","P","--3-----","RQ","0901",,"1004N 08447W",
,"CR","ALI","Alajuelita","Alajuelita","SJ","--3-----","RQ","0607",,"0954N 08406W",
,"CR","ANA","Santa Ana","Santa Ana","SJ","--3-----","RL","0501",,"0956N 08411W",
,"CR","APO","Pital Con Desvio","Pital Con Desvio","A","-----6--","RL","0901",,"1026N 08416W",
,"CR","ASL","Santa Rosa de Pocosol","Santa Rosa de Pocosol","A","-----6--","RL","0901",,"1005N 08416W",
,"CR","ATE","Atenas","Atenas","A","--3-----","RQ","0901",,"0959N 08423W",
,"CR","ATM","Altamira","Altamira","A","--3--6--","RL","0307",,"1028N 08421W",
,"CR","AZA","Aguas Zarcas","Aguas Zarcas","A","--3--6--","RL","0307",,"1023N 08421W",
,"CR","BAG","Bagaces","Bagaces","G","--3--6--","RL","0307",,"1032N 08515W",
,"CR","BAI","Buenos Aires","Buenos Aires",,"---4----","RQ","0901",,"0852N 08330W",
,"CR","BAL","Boca Arenal","Boca Arenal","A","-----6--","RQ","1001",,"1032N 08429W",
,"CR","BAR","Barranca","Barranca","P","-23--6--","RL","0307",,"0959N 08443W",
,"CR","BAT","Batan","Batan","L","1-------","RQ","0901",,,
,"CR","BAV","Barva","Barva","H","-----6--","RQ","1007",,"1010N 08480W",
,"CR","BBA","Boca Barranca","Boca Barranca","P","--3-----","RL","1207",,"0958N 08444W",
,"CR","BBD","Barbudal","Barbudal","G","--3-----","RL","0501",,"1013N 08507W",
,"CR","BCL","Barra del Colorado","Barra del Colorado","L","---4----","RL","0907",,"1046N 08335W",
,"CR","BFL","Búffalo","Buffalo","L","-----6--","RL","1201",,"1001N 08310W",
,"CR","BIJ","Bijagual","Bijagual","P","--3-----","RL","1301",,"0926N 08403W",
,"CR","BLN","Belén","Belen","G","--3-----","RL","1301",,"1024N 08536W",
,"CR","BNC","Barranca","Barranca","A","--3--6--","RL","0307",,"1010N 08422W",
,"CR","BRI","Bri Bri","Bri Bri","L","--3-----","RL","0701",,"0938N 08250W",
,"CR","BRL","Barrial","Barrial","H","--3--6--","RL","0701",,"0959N 08408W",
,"CR","BSA","Buenos Aires","Buenos Aires","A","--3-----","RL","1207",,"1040N 08451W",
,"CR","BVT","Bella Vista","Bella Vista","A","--3-----","RL","1407",,"1012N 08426W",
,"CR","CAB","Cabo Blanco","Cabo Blanco","P","1-3--6--","RL","0307",,"0956N 08500W",
,"CR","CAE","Calle Blancos","Calle Blancos","SJ","-----6--","RQ","1001",,"0957N 08404W",
,"CR","CAI","Caimital","Caimital","G","1-3--6--","RL","0307",,"1004N 08528W",
,"CR","CAL","Caldera","Caldera","P","123-----","RL","0407",,"0957N 08443W",
,"CR","CAN","Canoas","Canoas","P","--3-----","RL","1301",,"0832N 08250W",
,"CR","CAP","Capulín","Capulin","P","--3-----","RL","0501",,"0949N 08435W",
,"CR","CAR","Cartago","Cartago","C","-23-----","RL","0407",,"0952N 08355W",
,"CR","CAS","Cañas","Canas","G","--3-----","RL","0701",,"1025N 08506W",
,"CR","CAZ","Carrizal","Carrizal","P","--3-----","RL","1207",,"0959N 08444W",
,"CR","CBL","Cariblanco","Cariblanco","A","--3-----","AM","2101",,"1016N 08411W",
,"CR","CBN","Cobano","Cobano","P","--3-----","RL","1207",,"0941N 08507W",
,"CR","CBU","Cabuya Cobano","Cabuya Cobano","P","--3-----","RL","1907",,"0936N 08506W",
,"CR","CCC","Cervantes","Cervantes","C","-----6--","RL","1607",,"0953N 08348W",
,"CR","CCI","Cachí","Cachi","C","--3-----","RL","1401",,"0950N 08348W",
,"CR","CDN","Neily","Neily","P","1-3--6--","RL","1101",,"0839N 08256W",
,"CR","CHA","Chachagua","Chachagua","A","--3-----","RL","0507",,"1024N 08437W",
,"CR","CHT","Cahuita","Cahuita","L","--3-----","RL","1301",,"0944N 08251W",
,"CR","CIA","Cariari","Cariari",,"--3--6--","RQ","1001",,"1013N 08200W",
,"CR","CIR","Ciruelas","Ciruelas","A","1-3--6--","RL","0307",,"1030N 08521W",
,"CR","CJL","Canjel","Canjel","G","--3-----","RL","1301",,"0959N 08512W",
,"CR","CJS","Cascajal","Cascajal","A","--3-----","RL","1401",,"0954N 08438W",
,"CR","CLN","Colón","Colon","SJ","--3--6--","RL","0907",,"0955N 08415W",
,"CR","CNA","Cinchona","Cinchona","A","--3-----","RL","1607",,"1013N 08411W",
,"CR","CNG","Caño Negro","Cano Negro","A","--3-----","RL","1207",,"1031N 08425W",
,"CR","COC","Coco","Coco","G","--3-----","RL","1601",,"1033N 08542W",
,"CR","COM","Chomes","Chomes","P","1-3--6--","RL","0307",,"1003N 08455W",
,"CR","COR","Coronado","Coronado","P","--3-----","RL","0701",,"0903N 08337W",
,"CR","COY","Puerto Coyote","Puerto Coyote","G","-----6--","RL","1301",,"0947N 08516W",
,"CR","CPA","Playa Hermosa","Playa Hermosa","C","-----6--","RL","0901",,"0957N 08321W",
,"CR","CPL","Guápiles","Guapiles","L","--3-----","RL","0407",,"1013N 08347W",
,"CR","CPS","Pacayas","Pacayas","C","-----6--","RL","0901",,"0948N 08403W",
,"CR","CQA","Quesada","Quesada","A","--3-----","RQ","1101",,"1019N 08425W",
,"CR","CRL","Corralillo","Corralillo","C","--3-----","RL","1601",,"0948N 08402W",
,"CR","CRR","Curridabat","Curridabat","SJ","1----6--","RL","0901",,"0955N 08402W",
,"CR","CSC","Canas","Canas",,"---4----","RQ","0901",,,
,"CR","CTC","Moravia","Moravia","C","1----6--","RQ","1001",,"0951N 08326W",
,"CR","CUB","Curubandé","Curubande","G","--3-----","RL","1701",,"1043N 08525W",
,"CR","CUT","Cutris","Cutris","A","1-3-----","RL","1307",,"1041N 08422W",
,"CR","CYL","Coyol","Coyol","A","123--6--","RL","0307",,"1000N 08415W",
,"CR","CYR","Coyolar","Coyolar","A","-----6--","RL","1107",,"0954N 08434W",
,"CR","CZR","Cerro Cortez","Cerro Cortez","A","--3-----","RL","1807",,"1020N 08422W",
,"CR","DE2","Desamparados","Desamparados","SJ","--3-----","RL","1601",,"0954N 08404W",
,"CR","DOM","Dominical","Dominical","P","--3-----","RL","1207",,"0915N 08352W",
,"CR","ELS","El Silencio","El Silencio","G","--3-----","RL","1807",,"1029N 08455W",
,"CR","ENA","Santa Elena","Santa Elena","SJ","--3-----","RL","1301",,"0946N 08403W",
,"CR","ESC","Escazú","Escazu","SJ","--3-----","RL","0407",,"0955N 08408W",
,"CR","ESP","Esparza","Esparza","P","-23-----","RL","0407",,"0959N 08440W",
,"CR","FDF","Venecia","Venecia","L","--3-----","RL","1701",,"1002N 08314W",
,"CR","FIL","Filadelfia","Filadelfia","G","1-3--6--","RL","0401",,"1027N 08534W",
,"CR","FMG","Flamingo","Flamingo","G","---4----","RL","0907",,"1025N 08547W",
,"CR","FON","Fortuna","Fortuna","G","---4----","RL","0907",,"1040N 08513W",
,"CR","FPN","Fraijanes","Fraijanes","A","1-3--6--","RL","0401",,"1009N 08412W",
,"CR","FRA","Francia","Francia","L","--3--6--","RL","0901",,"1008N 08333W",
,"CR","GAC","Nacascolo","Nacascolo","G","--3-----","RL","1707",,"1038N 08541W",
,"CR","GCA","Guácima","Guacima","A","--3-----","RL","1601",,"0958N 08415W",
,"CR","GDA","Guardia","Guardia","G","1-3--6--","RL","0401",,"1034N 08536W",
,"CR","GDP","Golfo de Papagayo","Golfo de Papagayo","G","1-3-----","RL","0407",,"1036N 08541W",
,"CR","GHA","Quebrada Honda","Quebrada Honda","G","--3-----","RL","1707",,"1011N 08518W",
,"CR","GLF","Golfito","Golfito","P","1-34----","AI","0407",,"0839N 08309W",
,"CR","GMI","Grecia","Grecia","A","--3-----","RL","0407",,"1004N 08419W",
,"CR","GTS","Guatuso","Guatuso","SJ","-----6--","RQ","1007",,"0951N 08422W",
,"CR","GUA","Guatuso","Guatuso","C","1-3--6--","RL","1101",,"1040N 08449W",
,"CR","GUC","Guacimo","Guacimo","L","--3-----","RL","0507",,"1013N 08341W",
,"CR","HCD","Hacienda Coronado","Hacienda Coronado","A","--3-----","RL","1707",,"1024N 08430W",
,"CR","HDA","Herradura","Herradura","P","--3-----","RL","2001",,"0940N 08438W",
,"CR","HER","Heredia","Heredia","H","-23-----","RL","0407",,"1000N 08407W",
,"CR","HSA","Horluetas/Sarapiqui","Horluetas/Sarapiqui","H","1----6--","RQ","0901",,"1029N 08401W",
,"CR","HSB","Santa Barbaraa","Santa Barbaraa","H","-----6--","RL","1107",,,
,"CR","JAB","Jabillos","Jabillos","A","--3-----","RL","1407",,"1023N 08433W",
,"CR","JAC","Jacó","Jaco","P","--3-----","RL","0501",,"0937N 08438W",
,"CR","JAP","Punta Renes","Punta Renes",,"---4----","RL","0907",,"1057N 08551W",
,"CR","JAR","Jaris","Jaris","SJ","--3-----","RL","1107",,"0952N 08417W",
,"CR","JIC","Jicaral","Jicaral","P","1-3-----","RL","0401",,"0958N 08507W",
,"CR","JIM","Jimenez","Jimenez","L","--3-----","RQ","0607",,"1013N 08343W",
,"CR","L6G","Parismina","Parismina","L","--3-----","RL","1501",,"1012N 08338W",
,"CR","LAA","Lagunilla","Lagunilla","H","--3-----","RL","1601",,"0958N 08407W",
,"CR","LAF","La Fortuna","La Fortuna","A","1-3--6--","RL","0401",,"1029N 08439W",
,"CR","LAG","La Garita","La Garita","A","--3-----","RL","1301",,"0959N 08420W",
,"CR","LAN","La Asunción","La Asuncion","H","--3-----","RL","1501",,"0959N 08410W",
,"CR","LAV","La Virgen","La Virgen","H","--3-----","RL","1207",,"1025N 08409W",
,"CR","LCO","La Ceiba de Orotina","La Ceiba de Orotina","A","--3-----","RL","1301",,"0954N 08431W",
,"CR","LCS","Las Canas","Las Canas",,"---4----","RQ","0901",,,
,"CR","LCZ","La Cruz","La Cruz","G","--3-----","RQ","0901",,"1104N 08538W",
,"CR","LEG","Legua","Legua","A","--3-----","RQ","1007",,"1032N 08417W",
,"CR","LGR","Llano Grande","Llano Grande","C","--3-----","RL","1601",,"0956N 08354W",
,"CR","LHS","Las Huacas","Las Huacas","G","--3-----","RL","0901",,"1002N 08520W",
,"CR","LIM","Limonal","Limonal","G","--3-----","RQ","0901",,"1014N 08501W",
,"CR","LIO","Puerto Limón","Puerto Limon","L","1-3-----","AI","0407",,"1000N 08302W",
,"CR","LIR","Liberia","Liberia","G","--34----","AI","0407",,"1038N 08526W",
,"CR","LLA","Limon Via Turrialba","Limon Via Turrialba","L","-----6--","RL","0901",,"1010N 08337W",
,"CR","LLC","La Lucha","La Lucha","P","--3-----","RL","0407",,"0853N 08249W",
,"CR","LMN","Limon","Limon","SJ","-----6--","RQ","1001",,"0944N 08421W",
,"CR","LPT","Lepanto","Lepanto","P","--3-----","RL","1601",,"0957N 08502W",
,"CR","LSL","Los Chiles","Los Chiles","A","--34----","AI","0407",,"1102N 08443W",
,"CR","LTA","Tigra","Tigra","A","--3-----","RL","1101",,"1021N 08436W",
,"CR","LUC","La Uruca","La Uruca",,"--3-----","RQ","0901",,,
,"CR","MAO","Matapalo","Matapalo","P","--3-----","RL","1301",,"0920N 08358W",
,"CR","MAT","Matina","Matina","L","1-------","RQ","0901",,,
,"CR","MMR","Miramar","Miramar","P","--3-----","RL","1301",,"1006N 08444W",
,"CR","MOB","Moín","Moin","L","1-3-----","RL","0407",,"1000N 08305W",
,"CR","MSN","Mansión","Mansion","G","-23-----","RL","1401",,"1006N 08522W",
,"CR","MTZ","San Marcos de Tarrazu","San Marcos de Tarrazu","SJ","1----6--","RL","0901",,"0940N 08402W",
,"CR","MUE","Muelle de San Carlos","Muelle de San Carlos","A","1-3--6--","RL","0401",,"1028N 08428W",
,"CR","NAN","Nandayure","Nandayure","G","1-3--6--","RL","0401",,"1002N 08512W",
,"CR","NAR","Naranjo","Naranjo","SJ","1-3--6--","RL","0401",,"1006N 08423W",
,"CR","NCT","Nicoya","Nicoya","G","--34----","AI","0407",,"1009N 08527W",
,"CR","NOB","Nosara Beach","Nosara Beach","G","---4----","RL","0907",,"0958N 08539W",
,"CR","OGE","Potrero Grande","Potrero Grande","P","--3-----","RL","1307",,"0901N 08311W",
,"CR","OJO","Ojochal","Ojochal","P","--3-----","RL","1907",,"1004N 08442W",
,"CR","OMO","Ochomogo","Ochomogo","C","-----6--","RL","1201",,"0954N 08357W",
,"CR","ORE","Oreamuno","Oreamuno","C","--3-----","RL","1207",,"0952N 08354W",
,"CR","ORO","Orotina","Orotina","A","1-3--6--","RL","0401",,"0954N 08432W",
,"CR","OSI","Orosi","Orosi","C","--3-----","RL","1301",,"0948N 08351W",
,"CR","OTR","Coto 47","Coto 47","P","---4----","RL","0907",,"0836N 08258W",
,"CR","PAL","Palmares","Palmares","SJ","--3--6--","RL","0401",,"0919N 08340W",
,"CR","PAM","Palmares","Palmares","A","--3--6--","RL","0401",,"1003N 08426W",
,"CR","PAN","Palmar Norte","Palmar Norte","P","1-3--6--","RL","0401",,"0858N 08328W",
,"CR","PAR","Parrita","Parrita","P","123-----","RL","0507",,"0931N 08419W",
,"CR","PAS","Puntarenas","Puntarenas","P","123-----","AI","0407",,"0958N 08450W",
,"CR","PBP","Punta Islita","Punta Islita","G","---4----","RL","0907",,"0951N 08522W",
,"CR","PBS","Peñas Blancas","Penas Blancas","A","--3-----","RL","1301",,"1004N 08437W",
,"CR","PCL","Playa Conchal","Playa Conchal","G","-----6--","RL","1007",,"1024N 08548W",
,"CR","PCS","Pocosol","Pocosol","A","--3-----","RL","1601",,"1022N 08437W",
,"CR","PEJ","Pejibaye","Pejibaye","SJ","-----6--","RL","1201",,"0910N 08334W",
,"CR","PEN","Penshurst","Penshurst","L","1-------","RQ","0901",,,
,"CR","PIL","Pilas de Canjel","Pilas de Canjel","G","--3-----","RQ","0501",,"0957N 08502W",
,"CR","PIT","Pital","Pital","P","1-3--6--","RL","1001",,"0944N 08527W",
,"CR","PJM","Puerto Jimenez","Puerto Jimenez","P","---4----","RL","0907",,"0831N 08319W",
,"CR","PLD","Playa Samara","Playa Samara","G","---4----","RL","0907",,"1015N 08525W",
,"CR","PLL","Laurel","Laurel","P","-----6--","RL","0901",,"0826N 08257W",
,"CR","PML","Palmichal","Palmichal","SJ","--3-----","RQ","1007",,"0950N 08412W",
,"CR","PMN","Puerto Moin","Puerto Moin","L","1-------","RQ","1101",,,
,"CR","PMZ","Palmar","Palmar","P","--34----","AI","0407",,"0858N 08327W","Palmar Sur"
,"CR","POA","Poas","Poas","A","1----6--","RQ","0901",,"1002N 08420W",
,"CR","POC","Pocora","Pocora","L","--3-----","RQ","0607",,"1011N 08336W",
,"CR","PQR","Paquera","Paquera","P","-----6--","RL","1007",,"0949N 08456W",
,"CR","PRA","Pandora","Pandora","L","--3-----","RL","1207",,"0944N 08258W",
,"CR","PRL","Paso Real","Paso Real","G","-----6--","RL","1007",,"1026N 08510W",
,"CR","PSO","Paraíso","Paraiso","C","--3-----","RL","1301",,"0950N 08352W",
,"CR","PTC","Puerto Caldera","Puerto Caldera","P","1-------","RL","1607",,"0957N 08443W",
,"CR","PTL","Pital","Pital","A","--3-----","RQ","0901",,"1027N 08417W",
,"CR","PTN","Platanares","Platanares","P","--3-----","RL","1801",,"0908N 08317W",
,"CR","PUC","Puerto Carrillo","Puerto Carrillo","L","--3-----","RL","1501",,"0952N 08528W",
,"CR","PUM","Punta Morales","Punta Morales","P","1-------","AI","0212",,"1004N 08458W",
,"CR","PVA","Pavas","Pavas","SJ","--3-----","RL","1401",,"0957N 08407W",
,"CR","PVN","Pavones","Pavones","G","-----6--","RL","1301",,"1000N 08513W",
,"CR","PVS","Puerto Viejo de Sarapiqui","Puerto Viejo de Sarapiqui","H","--3-----","RL","1301",,"1028N 08401W",
,"CR","PVZ","Veracruz","Veracruz","P","-----6--","RL","0901",,"1014N 08449W",
,"CR","QGG","Quebrada Grande","Quebrada Grande","G","1-3-----","RL","1401",,"1026N 08457W",
,"CR","QPS","Quepos","Quepos",,"--3-----","RL","0201",,"0927N 08409W",
,"CR","RBR","La Ribera","La Ribera","H","-----6--","RQ","1001",,"0959N 08411W",
,"CR","RCD","Río Cuarto","Rio Cuarto","A","1-3--6--","RL","0401",,"1021N 08414W",
,"CR","RIK","Carrillo","Carrillo","G","---4----","RL","0907",,"0952N 08529W",
,"CR","RIO","Río Frío","Rio Frio","P","1-3--6--","RL","0401",,"0947N 08511W",
,"CR","RIS","Rio Segundo","Rio Segundo","A","-----6--","RL","0901",,"1000N 08412W",
,"CR","RIT","Santa Rita","Santa Rita","G","--3-----","RL","1207",,"1058N 08537W",
,"CR","RJI","Rio Jimenez","Rio Jimenez","L","1----6--","RL","0901",,"1015N 08336W",
,"CR","ROS","Santa Rosa","Santa Rosa","SJ","--3-----","RL","1207",,"0957N 08405W",
,"CR","ROX","Roxana","Roxana","L","1----6--","RQ","0907",,"1016N 08345W",
,"CR","SAB","San Antonio","San Antonio","H","--3---7-","RL","1207",,"0959N 08411W",
,"CR","SAL","San Alberto Nuevo","San Alberto Nuevo","L","--3-----","RL","1601",,"1009N 08328W",
,"CR","SAM","Sámara","Samara","G","1-3--6--","RL","0401",,"0953N 08532W",
,"CR","SAN","San Ignacio de Acosta","San Ignacio de Acosta","SJ","1-3--6--","RL","0401",,"0948N 08410W",
,"CR","SAO","Sabalito","Sabalito","P","--3-----","RL","1307",,"0849N 08255W",
,"CR","SAR","Sardinal","Sardinal","G","--3-----","RQ","0901",,"1031N 08538W",
,"CR","SCC","Santa Cecilia","Santa Cecilia","G","-----6--","RQ","1007",,"1106N 08525W",
,"CR","SCS","San Carlos","San Carlos","SJ","--3-----","RL","0501",,"0914N 08335W",
,"CR","SCZ","Santa Cruz","Santa Cruz","G","--3-----","RQ","0901",,"1015N 08535W",
,"CR","SDG","Santo Domingo","Santo Domingo","H","-----6--","RQ","1001",,"0959N 08405W",
,"CR","SFC","San Francisco de Coyote","San Francisco de Coyote","G","--3-----","RL","1501",,"1016N 08545W",
,"CR","SFO","San Francisco de Dos Rios","San Francisco de Dos Rios","SJ","--3-----","RL","1401",,"0955N 08403W",
,"CR","SID","San Isidro","San Isidro","H","--3-----","RL","1207",,"1001N 08403W",
,"CR","SIO","San Isidro de Penas Blancas","San Isidro de Penas Blancas","A","--3-----","RQ","0901",,"1021N 08436W",
,"CR","SIS","San Isidro","San Isidro","SJ","--3-----","RL","0507",,"0922N 08342W",
,"CR","SIX","Sixaola/Talamanca","Sixaola/Talamanca","L","1----6--","RL","0901",,"0931N 08237W",
,"CR","SJN","San Joaquín","San Joaquin","H","--3-----","RL","1601",,"1000N 08409W",
,"CR","SJO","San José","San Jose","SJ","12345---","AI","0407",,"0956N 08405W",
,"CR","SLN","Salinas","Salinas","P","--3--6--","RL","0501",,"0956N 08441W",
,"CR","SLU","San Luis","San Luis","A","-----6--","RL","1201",,"1014N 08411W",
,"CR","SMD","Santa Maria de Dota","Santa Maria de Dota","SJ","--3-----","RQ","0901",,"0939N 08358W",
,"CR","SMP","Santa Maria/Pocosol","Santa Maria/Pocosol","A","1-------","RL","1707",,"1037N 08431W",
,"CR","SNL","San Luis","San Luis","H","--3-----","RL","1207",,"1001N 08402W",
,"CR","SOR","San Ramon","San Ramon",,"--3-----","RL","0001",,,
,"CR","SPI","Sarapiquí","Sarapiqui","H","1-3--6--","RL","0401",,"1029N 08401W",
,"CR","SPT","San Pablo de Turrubares","San Pablo de Turrubares","SJ","--3-----","RL","0701",,"0955N 08426W",
,"CR","SPU","Santiago de Puriscal","Santiago de Puriscal","SJ","--3-----","RQ","0901",,"0950N 08419W",
,"CR","SQR","Siquirres","Siquirres","L","-23-----","RL","0407",,"1006N 08331W",
,"CR","SRA","Santa Rita","Santa Rita","A","--3-----","RQ","1301",,"1100N 08505W",
,"CR","SRE","San Rafael de Escazú","San Rafael de Escazu","SJ","--3-----","RL","1801",,"0956N 08408W",
,"CR","SRF","San Rafael","San Rafael","SJ","--3-----","RL","1601",,"0919N 08331W",
,"CR","SRG","San Rafael Guatuso","San Rafael Guatuso","A","1----6--","RQ","0607",,"1040N 08449W",
,"CR","SRI","Sarchí","Sarchi","A","1-3--6--","RL","0307",,"1005N 08421W",
,"CR","SRP","Santa Rosa/Pocosol","Santa Rosa/Pocosol","A","1----6--","RL","0901",,"1022N 08437W",
,"CR","SSC","Santa Cruz","Santa Cruz","SJ","-----6--","RL","0901",,"0943N 08401W",
,"CR","SSP","San Pedro de Poas","San Pedro de Poas","A","1-3--6--","RL","0401",,"1005N 08415W",
,"CR","STR","Santa Rita","Santa Rita","A","--3-----","RL","1301",,"0958N 08418W",
,"CR","SVL","Sandoval","Sandoval","L","--3-----","RQ","0901",,"0958N 08305W",
,"CR","TAM","Tamarindo","Tamarindo","G","--3-----","RQ","0901",,"1026N 08516W",
,"CR","TAP","Tapanti","Tapanti","C","-----6--","RQ","0907",,"0946N 08346W",
,"CR","TAR","Tarbaca","Tarbaca","SJ","--3-----","RL","1407",,"0949N 08407W",
,"CR","TBC","Tierra Blanca","Tierra Blanca","C","-----6--","RL","1301",,"0955N 08354W",
,"CR","TBR","Tambor","Tambor","P","--3-----","RQ","0901",,"0943N 08502W",
,"CR","TCA","Tabarca","Tabarca","SJ","-2------","RL","1301",,"0949N 08407W",
,"CR","TCS","Tarcoles","Tarcoles","P","--3-----","RL","1301",,"0946N 08437W",
,"CR","TIG","La Tigra","La Tigra","P","1-3--6--","RL","0401",,"0956N 08509W",
,"CR","TIL","Tilaran","Tilaran","G","--3-----","RQ","1001",,"1028N 08458W",
,"CR","TJR","Tejar","Tejar","SJ","-----6--","RL","0901",,"0945N 08414W",
,"CR","TNC","Talamanca","Talamanca","L","--3-----","RL","1407",,"0936N 08247W",
,"CR","TOO","San Vito","San Vito","P","---4----","RL","0907",,"0849N 08257W",
,"CR","TRE","Tres Ríos","Tres Rios","C","1-3--6--","RL","0307",,"0954N 08511W",
,"CR","TRR","Turrucares","Turrucares","A","-----6--","RQ","1007",,"0958N 08419W",
,"CR","TTQ","Tortuguero","Tortuguero","L","---4----","RL","0907",,"1034N 08335W",
,"CR","TUA","Turrubares","Turrubares","A","1----6--","RL","0901",,"0937N 08431W",
,"CR","TUC","Tucurrique","Tucurrique","C","--3-----","RL","1601",,"0951N 08343W",
,"CR","TUR","Turrialba","Turrialba","C","--3-----","RL","0401",,"0954N 08341W",
,"CR","UJA","Ujarrás","Ujarras","A","--3-----","RL","0401",,"1017N 08412W",
,"CR","UPA","Upala","Upala","A","--3-----","RQ","0607",,"1053N 08500W",
,"CR","URS","Ujarrás","Ujarras","C","--3-----","RL","0701",,"0950N 08350W",
,"CR","UTA","Uvita","Uvita","P","--3-----","RL","1601",,"0909N 08345W",
,"CR","VA2","Venecia","Venecia","A","--3--6--","RQ","0907",,"1022N 08417W",
,"CR","VDJ","Vuelta de Jorco","Vuelta de Jorco","SJ","--3-----","RL","1301",,"0948N 08408W",
,"CR","VDT","Puerto Viejo","Puerto Viejo","L","1-3-----","RL","0507",,"0939N 08246W",
,"CR","VER","Veracruz","Veracruz","A","--3-----","RL","1207",,"1031N 08415W",
,"CR","VF2","Villa Franca","Villa Franca","L","-----6--","RQ","0907",,"1018N 08336W",
,"CR","XQP","Quepos (Puerto Quepos)","Quepos (Puerto Quepos)",,"1--4----","AI","9601",,,
,"CR","ZAP","Zapote","Zapote","H","--3-----","RL","1301",,"1033N 08349W",
,"CR","ZAR","Zarcero / Naranjo","Zarcero / Naranjo","A","1----6--","RL","0901",,"1011N 08424W",
